metric,control_35_2_indexable,crawled_not_indexed_cohort,comparison,evidence_status
urls,260,,INSUFFICIENT_DATA,GSC_URL_EXPORT_MISSING
median_incoming_link_occurrences,11.0,,INSUFFICIENT_DATA,GSC_URL_EXPORT_MISSING
median_unique_sources,7.0,,INSUFFICIENT_DATA,GSC_URL_EXPORT_MISSING
median_click_depth_reachable,2,,INSUFFICIENT_DATA,GSC_URL_EXPORT_MISSING
logical_hub_linked_pages,64,,INSUFFICIENT_DATA,GSC_URL_EXPORT_MISSING
logical_hub_defined_pages,205,,INSUFFICIENT_DATA,GSC_URL_EXPORT_MISSING
product_schema_warning_pages,102,,INSUFFICIENT_DATA,GSC_URL_EXPORT_MISSING
product_schema_invalid_pages,1,,INSUFFICIENT_DATA,GSC_URL_EXPORT_MISSING
canonical_consistency,260,,INSUFFICIENT_DATA,GSC_URL_EXPORT_MISSING
sitemap_consistency,260,,INSUFFICIENT_DATA,GSC_URL_EXPORT_MISSING
initial_html_consistency,260,,INSUFFICIENT_DATA,GSC_URL_EXPORT_MISSING
page_type_distribution,"{""legal"": 4, ""editorial-page"": 18, ""problem-solving-guide"": 18, ""guide"": 31, ""medical-guide"": 9, ""category-hub"": 5, ""decision-guide"": 7, ""manufacturer"": 33, ""manufacturer-index"": 1, ""homepage"": 1, ""product"": 103, ""comparison"": 28, ""comparison-index"": 1, ""knowledge-hub"": 1}",,INSUFFICIENT_DATA,GSC_URL_EXPORT_MISSING
cluster_distribution,"{""smarte-haustiertechnik"": 15, ""automatische-katzentoiletten"": 13, ""futterautomaten"": 82, ""trinkbrunnen"": 53, ""gps-tracker"": 32, ""tierernaehrung"": 1, ""katzenernaehrung"": 1, ""haustierkameras"": 10, ""hersteller"": 26, ""katzen-und-hundespezifische-hardware"": 1, ""hundegesundheit"": 4, ""katzenklappen"": 15, ""katzenverhalten"": 1, ""hundeernaehrung"": 3, ""katzengesundheit"": 1, ""katzenhaltung"": 1, ""tierbeschaeftigung"": 1}",,INSUFFICIENT_DATA,GSC_URL_EXPORT_MISSING
