source,url,pageType,surface,location,pattern,context,classification,rootCause,severity,changed,replacement,reason
"apps/pfotentechnik/src/content/products/furbo-360-katzenkamera.md","https://pfotentechnik.de/hersteller/furbo/","manufacturers","PUBLIC_RENDERED","main:img[alt]","Platzhalter","Temporärer Platzhalter für die Furbo 360° Katzenkamera im Vergleich","PUBLICATION_ARTIFACT","CONTENT_LEVEL","P2","YES","Furbo 360° Katzenkamera mit Feder-Spielzeug und App-Ansicht","Public wording directly contains production terminology or an observable publication artifact."
"apps/pfotentechnik/src/content/products/furbo-360-katzenkamera.md","https://pfotentechnik.de/produkt/enabot-ebo-air-2/","products","PUBLIC_RENDERED","main:img[alt]","Platzhalter","Temporärer Platzhalter für die Furbo 360° Katzenkamera im Vergleich","PUBLICATION_ARTIFACT","CONTENT_LEVEL","P2","YES","Furbo 360° Katzenkamera mit Feder-Spielzeug und App-Ansicht","Public wording directly contains production terminology or an observable publication artifact."
"apps/pfotentechnik/src/content/products/furbo-360-katzenkamera.md","https://pfotentechnik.de/produkt/enabot-rola-mini/","products","PUBLIC_RENDERED","main:img[alt]","Platzhalter","Temporärer Platzhalter für die Furbo 360° Katzenkamera im Vergleich","PUBLICATION_ARTIFACT","CONTENT_LEVEL","P2","YES","Furbo 360° Katzenkamera mit Feder-Spielzeug und App-Ansicht","Public wording directly contains production terminology or an observable publication artifact."
"apps/pfotentechnik/src/content/products/furbo-360-katzenkamera.md","https://pfotentechnik.de/produkt/furbo-360-katzenkamera/","products","PUBLIC_RENDERED","main:button[aria-label]","Platzhalter","Temporärer Editorial-Platzhalter für die Furbo 360° Katzenkamera; noch kein Produktbild vergrößern","PUBLICATION_ARTIFACT","CONTENT_LEVEL","P2","YES","Furbo 360° Katzenkamera mit Feder-Spielzeug, Leckerliausgabe und App-Ansicht","Public wording directly contains production terminology or an observable publication artifact."
"apps/pfotentechnik/src/content/products/furbo-360-katzenkamera.md","https://pfotentechnik.de/produkt/furbo-360-katzenkamera/","products","PUBLIC_RENDERED","main:img[alt]","Platzhalter","Temporärer Editorial-Platzhalter für die Furbo 360° Katzenkamera; noch kein Produktbild","PUBLICATION_ARTIFACT","CONTENT_LEVEL","P2","YES","Furbo 360° Katzenkamera mit Feder-Spielzeug, Leckerliausgabe und App-Ansicht","Public wording directly contains production terminology or an observable publication artifact."
"apps/pfotentechnik/src/content/products/furbo-360-katzenkamera.md","https://pfotentechnik.de/produkt/furbo-360-katzenkamera/","products","PUBLIC_RENDERED","main:button[aria-label]","Bildslot","Geplanter Bildslot: Furbo 360° Katzenkamera mit klar erkennbarem Kamerakopf; aktuell Platzhalter vergrößern","PUBLICATION_ARTIFACT","CONTENT_LEVEL","P2","YES","Herstellerdarstellung der Furbo-App mit 360°-Ansicht, Farbnachtsicht und Digitalzoom","Public wording directly contains production terminology or an observable publication artifact."
"apps/pfotentechnik/src/content/products/furbo-360-katzenkamera.md","https://pfotentechnik.de/produkt/furbo-360-katzenkamera/","products","PUBLIC_RENDERED","main:button[aria-label]","Platzhalter","Geplanter Bildslot: Furbo 360° Katzenkamera mit klar erkennbarem Kamerakopf; aktuell Platzhalter vergrößern","PUBLICATION_ARTIFACT","CONTENT_LEVEL","P2","YES","Herstellerdarstellung der Furbo-App mit 360°-Ansicht, Farbnachtsicht und Digitalzoom","Public wording directly contains production terminology or an observable publication artifact."
"apps/pfotentechnik/src/content/products/furbo-360-katzenkamera.md","https://pfotentechnik.de/produkt/furbo-360-katzenkamera/","products","PUBLIC_RENDERED","main:img[alt]","Bildslot","Geplanter Bildslot: Furbo 360° Katzenkamera mit klar erkennbarem Kamerakopf; aktuell Platzhalter","PUBLICATION_ARTIFACT","CONTENT_LEVEL","P2","YES","Herstellerdarstellung der Furbo-App mit 360°-Ansicht, Farbnachtsicht und Digitalzoom","Public wording directly contains production terminology or an observable publication artifact."
"apps/pfotentechnik/src/content/products/furbo-360-katzenkamera.md","https://pfotentechnik.de/produkt/furbo-360-katzenkamera/","products","PUBLIC_RENDERED","main:img[alt]","Platzhalter","Geplanter Bildslot: Furbo 360° Katzenkamera mit klar erkennbarem Kamerakopf; aktuell Platzhalter","PUBLICATION_ARTIFACT","CONTENT_LEVEL","P2","YES","Herstellerdarstellung der Furbo-App mit 360°-Ansicht, Farbnachtsicht und Digitalzoom","Public wording directly contains production terminology or an observable publication artifact."
"apps/pfotentechnik/src/content/products/furbo-360-katzenkamera.md","https://pfotentechnik.de/produkt/furbo-360-katzenkamera/","products","PUBLIC_RENDERED","main:button[aria-label]","Bildslot","Geplanter Bildslot: Feder-Spielzeug und Katzeninteraktion der Furbo 360° Katzenkamera; aktuell Platzhalter vergrößern","PUBLICATION_ARTIFACT","CONTENT_LEVEL","P2","YES","Herstellerdarstellung der Furbo-Katzenkamera mit automatischer Verfolgung einer Katze","Public wording directly contains production terminology or an observable publication artifact."
"apps/pfotentechnik/src/content/products/furbo-360-katzenkamera.md","https://pfotentechnik.de/produkt/furbo-360-katzenkamera/","products","PUBLIC_RENDERED","main:button[aria-label]","Platzhalter","Geplanter Bildslot: Feder-Spielzeug und Katzeninteraktion der Furbo 360° Katzenkamera; aktuell Platzhalter vergrößern","PUBLICATION_ARTIFACT","CONTENT_LEVEL","P2","YES","Herstellerdarstellung der Furbo-Katzenkamera mit automatischer Verfolgung einer Katze","Public wording directly contains production terminology or an observable publication artifact."
"apps/pfotentechnik/src/content/products/furbo-360-katzenkamera.md","https://pfotentechnik.de/produkt/furbo-360-katzenkamera/","products","PUBLIC_RENDERED","main:img[alt]","Bildslot","Geplanter Bildslot: Feder-Spielzeug und Katzeninteraktion der Furbo 360° Katzenkamera; aktuell Platzhalter","PUBLICATION_ARTIFACT","CONTENT_LEVEL","P2","YES","Herstellerdarstellung der Furbo-Katzenkamera mit automatischer Verfolgung einer Katze","Public wording directly contains production terminology or an observable publication artifact."
"apps/pfotentechnik/src/content/products/furbo-360-katzenkamera.md","https://pfotentechnik.de/produkt/furbo-360-katzenkamera/","products","PUBLIC_RENDERED","main:img[alt]","Platzhalter","Geplanter Bildslot: Feder-Spielzeug und Katzeninteraktion der Furbo 360° Katzenkamera; aktuell Platzhalter","PUBLICATION_ARTIFACT","CONTENT_LEVEL","P2","YES","Herstellerdarstellung der Furbo-Katzenkamera mit automatischer Verfolgung einer Katze","Public wording directly contains production terminology or an observable publication artifact."
"apps/pfotentechnik/src/content/products/furbo-360-katzenkamera.md","https://pfotentechnik.de/produkt/furbo-360-katzenkamera/","products","PUBLIC_RENDERED","main:button[aria-label]","Bildslot","Geplanter Bildslot: Furbo 360° Katzenkamera in einer Nutzungssituation mit Katze; aktuell Platzhalter vergrößern","PUBLICATION_ARTIFACT","CONTENT_LEVEL","P2","YES","Herstellerdarstellung von Miau-Alarm und Ferninteraktion mit einer Katze","Public wording directly contains production terminology or an observable publication artifact."
"apps/pfotentechnik/src/content/products/furbo-360-katzenkamera.md","https://pfotentechnik.de/produkt/furbo-360-katzenkamera/","products","PUBLIC_RENDERED","main:button[aria-label]","Platzhalter","Geplanter Bildslot: Furbo 360° Katzenkamera in einer Nutzungssituation mit Katze; aktuell Platzhalter vergrößern","PUBLICATION_ARTIFACT","CONTENT_LEVEL","P2","YES","Herstellerdarstellung von Miau-Alarm und Ferninteraktion mit einer Katze","Public wording directly contains production terminology or an observable publication artifact."
"apps/pfotentechnik/src/content/products/furbo-360-katzenkamera.md","https://pfotentechnik.de/produkt/furbo-360-katzenkamera/","products","PUBLIC_RENDERED","main:img[alt]","Bildslot","Geplanter Bildslot: Furbo 360° Katzenkamera in einer Nutzungssituation mit Katze; aktuell Platzhalter","PUBLICATION_ARTIFACT","CONTENT_LEVEL","P2","YES","Herstellerdarstellung von Miau-Alarm und Ferninteraktion mit einer Katze","Public wording directly contains production terminology or an observable publication artifact."
"apps/pfotentechnik/src/content/products/furbo-360-katzenkamera.md","https://pfotentechnik.de/produkt/furbo-360-katzenkamera/","products","PUBLIC_RENDERED","main:img[alt]","Platzhalter","Geplanter Bildslot: Furbo 360° Katzenkamera in einer Nutzungssituation mit Katze; aktuell Platzhalter","PUBLICATION_ARTIFACT","CONTENT_LEVEL","P2","YES","Herstellerdarstellung von Miau-Alarm und Ferninteraktion mit einer Katze","Public wording directly contains production terminology or an observable publication artifact."
"apps/pfotentechnik/src/content/products/furbo-360-katzenkamera.md","https://pfotentechnik.de/produkt/furbo-360-katzenkamera/","products","PUBLIC_RENDERED","main:button[aria-label]","Platzhalter","Temporärer Editorial-Platzhalter für die Furbo 360° Katzenkamera; noch kein Produktbild vergrößern","PUBLICATION_ARTIFACT","CONTENT_LEVEL","P2","YES","Furbo 360° Katzenkamera mit Feder-Spielzeug, Leckerliausgabe und App-Ansicht","Public wording directly contains production terminology or an observable publication artifact."
"apps/pfotentechnik/src/content/products/furbo-360-katzenkamera.md","https://pfotentechnik.de/produkt/furbo-360-katzenkamera/","products","PUBLIC_RENDERED","main:img[alt]","Platzhalter","Temporärer Editorial-Platzhalter für die Furbo 360° Katzenkamera; noch kein Produktbild","PUBLICATION_ARTIFACT","CONTENT_LEVEL","P2","YES","Furbo 360° Katzenkamera mit Feder-Spielzeug, Leckerliausgabe und App-Ansicht","Public wording directly contains production terminology or an observable publication artifact."
"apps/pfotentechnik/src/content/products/furbo-360-katzenkamera.md","https://pfotentechnik.de/produkt/furbo-360-katzenkamera/","products","PUBLIC_RENDERED","main:button[aria-label]","Bildslot","Geplanter Bildslot: Furbo 360° Katzenkamera mit klar erkennbarem Kamerakopf; aktuell Platzhalter vergrößern","PUBLICATION_ARTIFACT","CONTENT_LEVEL","P2","YES","Herstellerdarstellung der Furbo-App mit 360°-Ansicht, Farbnachtsicht und Digitalzoom","Public wording directly contains production terminology or an observable publication artifact."
"apps/pfotentechnik/src/content/products/furbo-360-katzenkamera.md","https://pfotentechnik.de/produkt/furbo-360-katzenkamera/","products","PUBLIC_RENDERED","main:button[aria-label]","Platzhalter","Geplanter Bildslot: Furbo 360° Katzenkamera mit klar erkennbarem Kamerakopf; aktuell Platzhalter vergrößern","PUBLICATION_ARTIFACT","CONTENT_LEVEL","P2","YES","Herstellerdarstellung der Furbo-App mit 360°-Ansicht, Farbnachtsicht und Digitalzoom","Public wording directly contains production terminology or an observable publication artifact."
"apps/pfotentechnik/src/content/products/furbo-360-katzenkamera.md","https://pfotentechnik.de/produkt/furbo-360-katzenkamera/","products","PUBLIC_RENDERED","main:img[alt]","Bildslot","Geplanter Bildslot: Furbo 360° Katzenkamera mit klar erkennbarem Kamerakopf; aktuell Platzhalter","PUBLICATION_ARTIFACT","CONTENT_LEVEL","P2","YES","Herstellerdarstellung der Furbo-App mit 360°-Ansicht, Farbnachtsicht und Digitalzoom","Public wording directly contains production terminology or an observable publication artifact."
"apps/pfotentechnik/src/content/products/furbo-360-katzenkamera.md","https://pfotentechnik.de/produkt/furbo-360-katzenkamera/","products","PUBLIC_RENDERED","main:img[alt]","Platzhalter","Geplanter Bildslot: Furbo 360° Katzenkamera mit klar erkennbarem Kamerakopf; aktuell Platzhalter","PUBLICATION_ARTIFACT","CONTENT_LEVEL","P2","YES","Herstellerdarstellung der Furbo-App mit 360°-Ansicht, Farbnachtsicht und Digitalzoom","Public wording directly contains production terminology or an observable publication artifact."
"apps/pfotentechnik/src/content/products/furbo-360-katzenkamera.md","https://pfotentechnik.de/produkt/furbo-360-katzenkamera/","products","PUBLIC_RENDERED","main:button[aria-label]","Bildslot","Geplanter Bildslot: Feder-Spielzeug und Katzeninteraktion der Furbo 360° Katzenkamera; aktuell Platzhalter vergrößern","PUBLICATION_ARTIFACT","CONTENT_LEVEL","P2","YES","Herstellerdarstellung der Furbo-Katzenkamera mit automatischer Verfolgung einer Katze","Public wording directly contains production terminology or an observable publication artifact."
"apps/pfotentechnik/src/content/products/furbo-360-katzenkamera.md","https://pfotentechnik.de/produkt/furbo-360-katzenkamera/","products","PUBLIC_RENDERED","main:button[aria-label]","Platzhalter","Geplanter Bildslot: Feder-Spielzeug und Katzeninteraktion der Furbo 360° Katzenkamera; aktuell Platzhalter vergrößern","PUBLICATION_ARTIFACT","CONTENT_LEVEL","P2","YES","Herstellerdarstellung der Furbo-Katzenkamera mit automatischer Verfolgung einer Katze","Public wording directly contains production terminology or an observable publication artifact."
"apps/pfotentechnik/src/content/products/furbo-360-katzenkamera.md","https://pfotentechnik.de/produkt/furbo-360-katzenkamera/","products","PUBLIC_RENDERED","main:img[alt]","Bildslot","Geplanter Bildslot: Feder-Spielzeug und Katzeninteraktion der Furbo 360° Katzenkamera; aktuell Platzhalter","PUBLICATION_ARTIFACT","CONTENT_LEVEL","P2","YES","Herstellerdarstellung der Furbo-Katzenkamera mit automatischer Verfolgung einer Katze","Public wording directly contains production terminology or an observable publication artifact."
"apps/pfotentechnik/src/content/products/furbo-360-katzenkamera.md","https://pfotentechnik.de/produkt/furbo-360-katzenkamera/","products","PUBLIC_RENDERED","main:img[alt]","Platzhalter","Geplanter Bildslot: Feder-Spielzeug und Katzeninteraktion der Furbo 360° Katzenkamera; aktuell Platzhalter","PUBLICATION_ARTIFACT","CONTENT_LEVEL","P2","YES","Herstellerdarstellung der Furbo-Katzenkamera mit automatischer Verfolgung einer Katze","Public wording directly contains production terminology or an observable publication artifact."
"apps/pfotentechnik/src/content/products/furbo-360-katzenkamera.md","https://pfotentechnik.de/produkt/furbo-360-katzenkamera/","products","PUBLIC_RENDERED","main:button[aria-label]","Bildslot","Geplanter Bildslot: Furbo 360° Katzenkamera in einer Nutzungssituation mit Katze; aktuell Platzhalter vergrößern","PUBLICATION_ARTIFACT","CONTENT_LEVEL","P2","YES","Herstellerdarstellung von Miau-Alarm und Ferninteraktion mit einer Katze","Public wording directly contains production terminology or an observable publication artifact."
"apps/pfotentechnik/src/content/products/furbo-360-katzenkamera.md","https://pfotentechnik.de/produkt/furbo-360-katzenkamera/","products","PUBLIC_RENDERED","main:button[aria-label]","Platzhalter","Geplanter Bildslot: Furbo 360° Katzenkamera in einer Nutzungssituation mit Katze; aktuell Platzhalter vergrößern","PUBLICATION_ARTIFACT","CONTENT_LEVEL","P2","YES","Herstellerdarstellung von Miau-Alarm und Ferninteraktion mit einer Katze","Public wording directly contains production terminology or an observable publication artifact."
"apps/pfotentechnik/src/content/products/furbo-360-katzenkamera.md","https://pfotentechnik.de/produkt/furbo-360-katzenkamera/","products","PUBLIC_RENDERED","main:img[alt]","Bildslot","Geplanter Bildslot: Furbo 360° Katzenkamera in einer Nutzungssituation mit Katze; aktuell Platzhalter","PUBLICATION_ARTIFACT","CONTENT_LEVEL","P2","YES","Herstellerdarstellung von Miau-Alarm und Ferninteraktion mit einer Katze","Public wording directly contains production terminology or an observable publication artifact."
"apps/pfotentechnik/src/content/products/furbo-360-katzenkamera.md","https://pfotentechnik.de/produkt/furbo-360-katzenkamera/","products","PUBLIC_RENDERED","main:img[alt]","Platzhalter","Geplanter Bildslot: Furbo 360° Katzenkamera in einer Nutzungssituation mit Katze; aktuell Platzhalter","PUBLICATION_ARTIFACT","CONTENT_LEVEL","P2","YES","Herstellerdarstellung von Miau-Alarm und Ferninteraktion mit einer Katze","Public wording directly contains production terminology or an observable publication artifact."
"apps/pfotentechnik/src/content/products/furbo-360-katzenkamera.md","https://pfotentechnik.de/produkt/furbo-360-katzenkamera/","products","PUBLIC_RENDERED","main:img[alt]","Platzhalter","Temporärer Editorial-Platzhalter für die Furbo 360° Katzenkamera; noch kein Produktbild","PUBLICATION_ARTIFACT","CONTENT_LEVEL","P2","YES","Furbo 360° Katzenkamera mit Feder-Spielzeug, Leckerliausgabe und App-Ansicht","Public wording directly contains production terminology or an observable publication artifact."
"apps/pfotentechnik/src/content/products/furbo-360-katzenkamera.md","https://pfotentechnik.de/produkt/furbo-360-katzenkamera/","products","PUBLIC_RENDERED","main:figcaption","Platzhalter","Temporärer Editorial-Platzhalter für die Furbo 360° Katzenkamera; noch kein Produktbild","PUBLICATION_ARTIFACT","CONTENT_LEVEL","P2","YES","Furbo 360° Katzenkamera mit Feder-Spielzeug, Leckerliausgabe und App-Ansicht","Public wording directly contains production terminology or an observable publication artifact."
"apps/pfotentechnik/src/content/products/furbo-360-katzenkamera.md","https://pfotentechnik.de/produkt/pettec-cam-360/","products","PUBLIC_RENDERED","main:img[alt]","Platzhalter","Temporärer Platzhalter für die Furbo 360° Katzenkamera im Vergleich","PUBLICATION_ARTIFACT","CONTENT_LEVEL","P2","YES","Furbo 360° Katzenkamera mit Feder-Spielzeug und App-Ansicht","Public wording directly contains production terminology or an observable publication artifact."
"apps/pfotentechnik/src/domain/guideExperience/model.ts","https://pfotentechnik.de/so-bewerten-wir/","guides","PUBLIC_RENDERED","main:p","**Praktisch geprüft**","**Praktisch geprüft**: Eigene Nutzung oder kontrollierte Beobachtung am Produkt","PUBLICATION_ARTIFACT","SYSTEMIC","P2","YES","","Public description reused by shared discovery components, or Markdown table cells copied into plain-text summaries."
"apps/pfotentechnik/src/domain/guideExperience/model.ts","https://pfotentechnik.de/so-bewerten-wir/","guides","PUBLIC_RENDERED","main:p","**Im Langzeittest**","**Im Langzeittest**: Wiederholte Nutzung über einen längeren dokumentierten Zeitraum","PUBLICATION_ARTIFACT","SYSTEMIC","P2","YES","","Public description reused by shared discovery components, or Markdown table cells copied into plain-text summaries."
"apps/pfotentechnik/src/domain/guideExperience/model.ts","https://pfotentechnik.de/so-bewerten-wir/","guides","PUBLIC_RENDERED","main:p","**Redaktionell geprüft**","**Redaktionell geprüft**: Quellenabgleich, Datenprüfung und Einordnung gegenüber Alternativen","PUBLICATION_ARTIFACT","SYSTEMIC","P2","YES","","Public description reused by shared discovery components, or Markdown table cells copied into plain-text summaries."
"apps/pfotentechnik/src/domain/guideExperience/model.ts","https://pfotentechnik.de/so-bewerten-wir/","guides","PUBLIC_RENDERED","main:p","**Datencheck**","**Datencheck**: Herstellerunterlagen und technische Spezifikationen","PUBLICATION_ARTIFACT","SYSTEMIC","P2","YES","","Public description reused by shared discovery components, or Markdown table cells copied into plain-text summaries."
"apps/pfotentechnik/src/domain/guideExperience/model.ts","https://pfotentechnik.de/so-bewerten-wir/","guides","PUBLIC_RENDERED","main:p","**Nicht praktisch getestet**","**Nicht praktisch getestet**: Begrenzte Beleglage ohne eigene Nutzung","PUBLICATION_ARTIFACT","SYSTEMIC","P2","YES","","Public description reused by shared discovery components, or Markdown table cells copied into plain-text summaries."
"apps/pfotentechnik/src/content/products/furbo-360-katzenkamera.md","https://pfotentechnik.de/vergleiche/beste-haustierkameras/","comparisons","PUBLIC_RENDERED","main:img[alt]","Platzhalter","Temporärer Platzhalter für die Furbo 360° Katzenkamera im Vergleich","PUBLICATION_ARTIFACT","CONTENT_LEVEL","P2","YES","Furbo 360° Katzenkamera mit Feder-Spielzeug und App-Ansicht","Public wording directly contains production terminology or an observable publication artifact."
"apps/pfotentechnik/src/content/products/furbo-360-katzenkamera.md","https://pfotentechnik.de/vergleiche/beste-haustierkameras/","comparisons","PUBLIC_RENDERED","main:img[alt]","Platzhalter","Temporärer Platzhalter für die Furbo 360° Katzenkamera im Vergleich","PUBLICATION_ARTIFACT","CONTENT_LEVEL","P2","YES","Furbo 360° Katzenkamera mit Feder-Spielzeug und App-Ansicht","Public wording directly contains production terminology or an observable publication artifact."
