url,lastmod,file,generated,classification,httpStatus,selfCanonical,liveSelfCanonical,noindex,parameterized,reachable,incomingSources
"https://pfotentechnik.de/","","apps/pfotentechnik/dist/sitemap-0.xml","true","A_INDEXABLE_CANONICAL","UNMEASURED","true","false","false","false","true","259"
"https://pfotentechnik.de/affiliate-hinweis/","","apps/pfotentechnik/dist/sitemap-0.xml","true","A_INDEXABLE_CANONICAL","UNMEASURED","true","false","false","false","true","259"
"https://pfotentechnik.de/automatische-katzentoiletten/","2026-08-16T00:00:00.000Z","apps/pfotentechnik/dist/sitemap-0.xml","true","A_INDEXABLE_CANONICAL","UNMEASURED","true","false","false","false","true","259"
"https://pfotentechnik.de/berater/futterautomat/","","apps/pfotentechnik/dist/sitemap-0.xml","true","A_INDEXABLE_CANONICAL","UNMEASURED","true","false","false","false","true","29"
"https://pfotentechnik.de/biofilm-im-katzentrinkbrunnen/","2026-07-25T00:00:00.000Z","apps/pfotentechnik/dist/sitemap-0.xml","true","A_INDEXABLE_CANONICAL","UNMEASURED","true","false","false","false","true","13"
"https://pfotentechnik.de/datenschutz-bei-gps-trackern/","2026-07-20T00:00:00.000Z","apps/pfotentechnik/dist/sitemap-0.xml","true","A_INDEXABLE_CANONICAL","UNMEASURED","true","false","false","false","true","6"
"https://pfotentechnik.de/datenschutz/","","apps/pfotentechnik/dist/sitemap-0.xml","true","A_INDEXABLE_CANONICAL","UNMEASURED","true","false","false","false","true","259"
"https://pfotentechnik.de/filter-im-katzentrinkbrunnen-wechseln/","2026-07-25T00:00:00.000Z","apps/pfotentechnik/dist/sitemap-0.xml","true","A_INDEXABLE_CANONICAL","UNMEASURED","true","false","false","false","true","29"
"https://pfotentechnik.de/fuetterungszeiten-nach-alter/","2026-07-28T00:00:00.000Z","apps/pfotentechnik/dist/sitemap-0.xml","true","A_INDEXABLE_CANONICAL","UNMEASURED","true","false","false","false","true","4"
"https://pfotentechnik.de/futterautomat-bei-stromausfall/","2026-07-28T00:00:00.000Z","apps/pfotentechnik/dist/sitemap-0.xml","true","A_INDEXABLE_CANONICAL","UNMEASURED","true","false","false","false","true","7"
"https://pfotentechnik.de/futterautomat-bei-uebergewicht/","2026-07-25T00:00:00.000Z","apps/pfotentechnik/dist/sitemap-0.xml","true","A_INDEXABLE_CANONICAL","UNMEASURED","true","false","false","false","true","8"
"https://pfotentechnik.de/futterautomat-berater/","","apps/pfotentechnik/dist/sitemap-0.xml","true","A_INDEXABLE_CANONICAL","UNMEASURED","true","false","false","false","true","1"
"https://pfotentechnik.de/futterautomat-hund/","2026-07-24T00:00:00.000Z","apps/pfotentechnik/dist/sitemap-0.xml","true","A_INDEXABLE_CANONICAL","UNMEASURED","true","false","false","false","true","37"
"https://pfotentechnik.de/futterautomat-im-urlaub/","2026-07-28T00:00:00.000Z","apps/pfotentechnik/dist/sitemap-0.xml","true","A_INDEXABLE_CANONICAL","UNMEASURED","true","false","false","false","true","15"
"https://pfotentechnik.de/futterautomat-katze/","2026-08-24T00:00:00.000Z","apps/pfotentechnik/dist/sitemap-0.xml","true","A_INDEXABLE_CANONICAL","UNMEASURED","true","false","false","false","true","25"
"https://pfotentechnik.de/futterautomat-richtig-reinigen/","2026-07-19T00:00:00.000Z","apps/pfotentechnik/dist/sitemap-0.xml","true","A_INDEXABLE_CANONICAL","UNMEASURED","true","false","false","false","true","10"
"https://pfotentechnik.de/futterautomat-und-ernaehrung/","2026-07-23T00:00:00.000Z","apps/pfotentechnik/dist/sitemap-0.xml","true","A_INDEXABLE_CANONICAL","UNMEASURED","true","false","false","false","true","16"
"https://pfotentechnik.de/futtermenge-hund/","2026-07-19T00:00:00.000Z","apps/pfotentechnik/dist/sitemap-0.xml","true","A_INDEXABLE_CANONICAL","UNMEASURED","true","false","false","false","true","4"
"https://pfotentechnik.de/futtermenge-katze/","2026-07-28T00:00:00.000Z","apps/pfotentechnik/dist/sitemap-0.xml","true","A_INDEXABLE_CANONICAL","UNMEASURED","true","false","false","false","true","7"
"https://pfotentechnik.de/glossar/","2026-09-03T00:00:00.000Z","apps/pfotentechnik/dist/sitemap-0.xml","true","A_INDEXABLE_CANONICAL","UNMEASURED","true","false","false","false","true","13"
"https://pfotentechnik.de/gps-oder-bluetooth/","2026-07-20T00:00:00.000Z","apps/pfotentechnik/dist/sitemap-0.xml","true","A_INDEXABLE_CANONICAL","UNMEASURED","true","false","false","false","true","8"
"https://pfotentechnik.de/gps-tracker-richtig-befestigen/","2026-07-20T00:00:00.000Z","apps/pfotentechnik/dist/sitemap-0.xml","true","A_INDEXABLE_CANONICAL","UNMEASURED","true","false","false","false","true","6"
"https://pfotentechnik.de/gps-tracker/","2026-08-15T00:00:00.000Z","apps/pfotentechnik/dist/sitemap-0.xml","true","A_INDEXABLE_CANONICAL","UNMEASURED","true","false","false","false","true","259"
"https://pfotentechnik.de/haustierkameras/","2026-08-25T00:00:00.000Z","apps/pfotentechnik/dist/sitemap-0.xml","true","A_INDEXABLE_CANONICAL","UNMEASURED","true","false","false","false","true","259"
"https://pfotentechnik.de/hersteller/","","apps/pfotentechnik/dist/sitemap-0.xml","true","A_INDEXABLE_CANONICAL","UNMEASURED","true","false","false","false","true","259"
"https://pfotentechnik.de/hersteller/aqara/","2026-07-26T00:00:00.000Z","apps/pfotentechnik/dist/sitemap-0.xml","true","A_INDEXABLE_CANONICAL","UNMEASURED","true","false","false","false","true","2"
"https://pfotentechnik.de/hersteller/cat-mate/","2026-08-16T00:00:00.000Z","apps/pfotentechnik/dist/sitemap-0.xml","true","A_INDEXABLE_CANONICAL","UNMEASURED","true","false","false","false","true","24"
"https://pfotentechnik.de/hersteller/catit/","2026-08-16T00:00:00.000Z","apps/pfotentechnik/dist/sitemap-0.xml","true","A_INDEXABLE_CANONICAL","UNMEASURED","true","false","false","false","true","7"
"https://pfotentechnik.de/hersteller/devoko/","2026-08-07T00:00:00.000Z","apps/pfotentechnik/dist/sitemap-0.xml","true","A_INDEXABLE_CANONICAL","UNMEASURED","true","false","false","false","true","2"
"https://pfotentechnik.de/hersteller/enabot/","2026-08-15T00:00:00.000Z","apps/pfotentechnik/dist/sitemap-0.xml","true","A_INDEXABLE_CANONICAL","UNMEASURED","true","false","false","false","true","6"
"https://pfotentechnik.de/hersteller/flappie/","2026-09-07T00:00:00.000Z","apps/pfotentechnik/dist/sitemap-0.xml","true","A_INDEXABLE_CANONICAL","UNMEASURED","true","false","false","false","true","184"
"https://pfotentechnik.de/hersteller/furbo/","2026-08-21T00:00:00.000Z","apps/pfotentechnik/dist/sitemap-0.xml","true","A_INDEXABLE_CANONICAL","UNMEASURED","true","false","false","false","true","7"
"https://pfotentechnik.de/hersteller/garmin/","2026-07-20T00:00:00.000Z","apps/pfotentechnik/dist/sitemap-0.xml","true","A_INDEXABLE_CANONICAL","UNMEASURED","true","false","false","false","true","10"
"https://pfotentechnik.de/hersteller/honeyguardian/","2026-07-19T00:00:00.000Z","apps/pfotentechnik/dist/sitemap-0.xml","true","A_INDEXABLE_CANONICAL","UNMEASURED","true","false","false","false","true","8"
"https://pfotentechnik.de/hersteller/imipaw/","2026-07-19T00:00:00.000Z","apps/pfotentechnik/dist/sitemap-0.xml","true","A_INDEXABLE_CANONICAL","UNMEASURED","true","false","false","false","true","4"
"https://pfotentechnik.de/hersteller/invoxia/","2026-08-16T00:00:00.000Z","apps/pfotentechnik/dist/sitemap-0.xml","true","A_INDEXABLE_CANONICAL","UNMEASURED","true","false","false","false","true","5"
"https://pfotentechnik.de/hersteller/neakasa/","2026-09-15T00:00:00.000Z","apps/pfotentechnik/dist/sitemap-0.xml","true","A_INDEXABLE_CANONICAL","UNMEASURED","true","false","false","false","true","9"
"https://pfotentechnik.de/hersteller/oneisall/","2026-08-19T00:00:00.000Z","apps/pfotentechnik/dist/sitemap-0.xml","true","A_INDEXABLE_CANONICAL","UNMEASURED","true","false","false","false","true","13"
"https://pfotentechnik.de/hersteller/onlycat/","2026-08-04T00:00:00.000Z","apps/pfotentechnik/dist/sitemap-0.xml","true","A_INDEXABLE_CANONICAL","UNMEASURED","true","false","false","false","true","8"
"https://pfotentechnik.de/hersteller/paj-gps/","2026-07-20T00:00:00.000Z","apps/pfotentechnik/dist/sitemap-0.xml","true","A_INDEXABLE_CANONICAL","UNMEASURED","true","false","false","false","true","8"
"https://pfotentechnik.de/hersteller/pawbby/","2026-07-19T00:00:00.000Z","apps/pfotentechnik/dist/sitemap-0.xml","true","A_INDEXABLE_CANONICAL","UNMEASURED","true","false","false","false","true","4"
"https://pfotentechnik.de/hersteller/pawfit/","2026-08-16T00:00:00.000Z","apps/pfotentechnik/dist/sitemap-0.xml","true","A_INDEXABLE_CANONICAL","UNMEASURED","true","false","false","false","true","5"
"https://pfotentechnik.de/hersteller/pawsync/","2026-07-26T00:00:00.000Z","apps/pfotentechnik/dist/sitemap-0.xml","true","A_INDEXABLE_CANONICAL","UNMEASURED","true","false","false","false","true","2"
"https://pfotentechnik.de/hersteller/petkit/","2026-08-21T00:00:00.000Z","apps/pfotentechnik/dist/sitemap-0.xml","true","A_INDEXABLE_CANONICAL","UNMEASURED","true","false","false","false","true","34"
"https://pfotentechnik.de/hersteller/petlibro/","2026-08-19T00:00:00.000Z","apps/pfotentechnik/dist/sitemap-0.xml","true","A_INDEXABLE_CANONICAL","UNMEASURED","true","false","false","false","true","50"
"https://pfotentechnik.de/hersteller/petsafe/","2026-08-16T00:00:00.000Z","apps/pfotentechnik/dist/sitemap-0.xml","true","A_INDEXABLE_CANONICAL","UNMEASURED","true","false","false","false","true","15"
"https://pfotentechnik.de/hersteller/petsnowy/","2026-08-15T00:00:00.000Z","apps/pfotentechnik/dist/sitemap-0.xml","true","A_INDEXABLE_CANONICAL","UNMEASURED","true","false","false","false","true","4"
"https://pfotentechnik.de/hersteller/pettec/","2026-08-15T00:00:00.000Z","apps/pfotentechnik/dist/sitemap-0.xml","true","A_INDEXABLE_CANONICAL","UNMEASURED","true","false","false","false","true","6"
"https://pfotentechnik.de/hersteller/petwalk/","2026-08-04T00:00:00.000Z","apps/pfotentechnik/dist/sitemap-0.xml","true","A_INDEXABLE_CANONICAL","UNMEASURED","true","false","false","false","true","3"
"https://pfotentechnik.de/hersteller/prothelis/","2026-08-16T00:00:00.000Z","apps/pfotentechnik/dist/sitemap-0.xml","true","A_INDEXABLE_CANONICAL","UNMEASURED","true","false","false","false","true","4"
"https://pfotentechnik.de/hersteller/reolink/","2026-08-16T00:00:00.000Z","apps/pfotentechnik/dist/sitemap-0.xml","true","A_INDEXABLE_CANONICAL","UNMEASURED","true","false","false","false","true","5"
"https://pfotentechnik.de/hersteller/surefeed/","2026-07-19T00:00:00.000Z","apps/pfotentechnik/dist/sitemap-0.xml","true","A_INDEXABLE_CANONICAL","UNMEASURED","true","false","false","false","true","20"
"https://pfotentechnik.de/hersteller/tractive/","2026-08-21T00:00:00.000Z","apps/pfotentechnik/dist/sitemap-0.xml","true","A_INDEXABLE_CANONICAL","UNMEASURED","true","false","false","false","true","19"
"https://pfotentechnik.de/hersteller/weenect/","2026-08-06T00:00:00.000Z","apps/pfotentechnik/dist/sitemap-0.xml","true","A_INDEXABLE_CANONICAL","UNMEASURED","true","false","false","false","true","17"
"https://pfotentechnik.de/hersteller/whisker/","2026-08-16T00:00:00.000Z","apps/pfotentechnik/dist/sitemap-0.xml","true","A_INDEXABLE_CANONICAL","UNMEASURED","true","false","false","false","true","6"
"https://pfotentechnik.de/hersteller/wopet/","2026-07-19T00:00:00.000Z","apps/pfotentechnik/dist/sitemap-0.xml","true","A_INDEXABLE_CANONICAL","UNMEASURED","true","false","false","false","true","12"
"https://pfotentechnik.de/hersteller/xiaomi/","2026-07-19T00:00:00.000Z","apps/pfotentechnik/dist/sitemap-0.xml","true","A_INDEXABLE_CANONICAL","UNMEASURED","true","false","false","false","true","15"
"https://pfotentechnik.de/hersteller/zeromouse/","2026-07-27T00:00:00.000Z","apps/pfotentechnik/dist/sitemap-0.xml","true","A_INDEXABLE_CANONICAL","UNMEASURED","true","false","false","false","true","7"
"https://pfotentechnik.de/hund-entlaufen-gps-sinnvoll/","2026-07-20T00:00:00.000Z","apps/pfotentechnik/dist/sitemap-0.xml","true","A_INDEXABLE_CANONICAL","UNMEASURED","true","false","false","false","true","5"
"https://pfotentechnik.de/hund-frisst-nicht/","2026-07-16T00:00:00.000Z","apps/pfotentechnik/dist/sitemap-0.xml","true","A_INDEXABLE_CANONICAL","UNMEASURED","true","false","false","false","true","9"
"https://pfotentechnik.de/hund-frisst-zu-schnell/","2026-07-29T00:00:00.000Z","apps/pfotentechnik/dist/sitemap-0.xml","true","A_INDEXABLE_CANONICAL","UNMEASURED","true","false","false","false","true","5"
"https://pfotentechnik.de/hund-hat-durchfall/","2026-07-19T00:00:00.000Z","apps/pfotentechnik/dist/sitemap-0.xml","true","A_INDEXABLE_CANONICAL","UNMEASURED","true","false","false","false","true","4"
"https://pfotentechnik.de/hund-ist-muede/","2026-07-19T00:00:00.000Z","apps/pfotentechnik/dist/sitemap-0.xml","true","A_INDEXABLE_CANONICAL","UNMEASURED","true","false","false","false","true","3"
"https://pfotentechnik.de/hund-trinkt-ploetzlich-viel/","2026-07-29T00:00:00.000Z","apps/pfotentechnik/dist/sitemap-0.xml","true","A_INDEXABLE_CANONICAL","UNMEASURED","true","false","false","false","true","6"
"https://pfotentechnik.de/hund-trinkt-viel/","2026-07-19T00:00:00.000Z","apps/pfotentechnik/dist/sitemap-0.xml","true","A_INDEXABLE_CANONICAL","UNMEASURED","true","false","false","false","true","6"
"https://pfotentechnik.de/hund-trinkt-zu-wenig/","2026-07-19T00:00:00.000Z","apps/pfotentechnik/dist/sitemap-0.xml","true","A_INDEXABLE_CANONICAL","UNMEASURED","true","false","false","false","true","9"
"https://pfotentechnik.de/ifa-2026-haustiertechnik/","2026-09-14T00:00:00.000Z","apps/pfotentechnik/dist/sitemap-0.xml","true","A_INDEXABLE_CANONICAL","UNMEASURED","true","false","false","false","true","2"
"https://pfotentechnik.de/impressum/","","apps/pfotentechnik/dist/sitemap-0.xml","true","A_INDEXABLE_CANONICAL","UNMEASURED","true","false","false","false","true","259"
"https://pfotentechnik.de/kalk-katzentrinkbrunnen-entfernen/","2026-07-25T00:00:00.000Z","apps/pfotentechnik/dist/sitemap-0.xml","true","A_INDEXABLE_CANONICAL","UNMEASURED","true","false","false","false","true","11"
"https://pfotentechnik.de/katze-an-katzenklappe-gewoehnen/","2026-08-04T00:00:00.000Z","apps/pfotentechnik/dist/sitemap-0.xml","true","A_INDEXABLE_CANONICAL","UNMEASURED","true","false","false","false","true","4"
"https://pfotentechnik.de/katze-an-trinkbrunnen-gewoehnen/","2026-07-19T00:00:00.000Z","apps/pfotentechnik/dist/sitemap-0.xml","true","A_INDEXABLE_CANONICAL","UNMEASURED","true","false","false","false","true","7"
"https://pfotentechnik.de/katze-entlaufen-gps-sinnvoll/","2026-07-20T00:00:00.000Z","apps/pfotentechnik/dist/sitemap-0.xml","true","A_INDEXABLE_CANONICAL","UNMEASURED","true","false","false","false","true","5"
"https://pfotentechnik.de/katze-frisst-nicht/","2026-07-15T00:00:00.000Z","apps/pfotentechnik/dist/sitemap-0.xml","true","A_INDEXABLE_CANONICAL","UNMEASURED","true","false","false","false","true","4"
"https://pfotentechnik.de/katze-trinkt-viel/","2026-07-19T00:00:00.000Z","apps/pfotentechnik/dist/sitemap-0.xml","true","A_INDEXABLE_CANONICAL","UNMEASURED","true","false","false","false","true","3"
"https://pfotentechnik.de/katzenklappe-einbauen/","2026-08-06T00:00:00.000Z","apps/pfotentechnik/dist/sitemap-0.xml","true","A_INDEXABLE_CANONICAL","UNMEASURED","true","false","false","false","true","4"
"https://pfotentechnik.de/katzenklappe-fuer-mehrere-katzen/","2026-08-06T00:00:00.000Z","apps/pfotentechnik/dist/sitemap-0.xml","true","A_INDEXABLE_CANONICAL","UNMEASURED","true","false","false","false","true","2"
"https://pfotentechnik.de/katzenklappe-zugluft-und-waermedaemmung/","2026-08-04T00:00:00.000Z","apps/pfotentechnik/dist/sitemap-0.xml","true","A_INDEXABLE_CANONICAL","UNMEASURED","true","false","false","false","true","4"
"https://pfotentechnik.de/katzenklappen/","2026-08-25T00:00:00.000Z","apps/pfotentechnik/dist/sitemap-0.xml","true","A_INDEXABLE_CANONICAL","UNMEASURED","true","false","false","false","true","259"
"https://pfotentechnik.de/katzentrinkbrunnen-dauerbetrieb-urlaub/","2026-07-13T00:00:00.000Z","apps/pfotentechnik/dist/sitemap-0.xml","true","A_INDEXABLE_CANONICAL","UNMEASURED","true","false","false","false","true","4"
"https://pfotentechnik.de/katzentrinkbrunnen-laut-pumpe/","2026-08-19T00:00:00.000Z","apps/pfotentechnik/dist/sitemap-0.xml","true","A_INDEXABLE_CANONICAL","UNMEASURED","true","false","false","false","true","7"
"https://pfotentechnik.de/katzentrinkbrunnen-material-edelstahl-keramik-kunststoff/","2026-08-19T00:00:00.000Z","apps/pfotentechnik/dist/sitemap-0.xml","true","A_INDEXABLE_CANONICAL","UNMEASURED","true","false","false","false","true","22"
"https://pfotentechnik.de/katzentrinkbrunnen-ohne-filter/","2026-07-23T00:00:00.000Z","apps/pfotentechnik/dist/sitemap-0.xml","true","A_INDEXABLE_CANONICAL","UNMEASURED","true","false","false","false","true","11"
"https://pfotentechnik.de/katzentrinkbrunnen-richtig-reinigen/","2026-08-24T00:00:00.000Z","apps/pfotentechnik/dist/sitemap-0.xml","true","A_INDEXABLE_CANONICAL","UNMEASURED","true","false","false","false","true","14"
"https://pfotentechnik.de/katzenwasser-taeglich-wechseln/","2026-08-19T00:00:00.000Z","apps/pfotentechnik/dist/sitemap-0.xml","true","A_INDEXABLE_CANONICAL","UNMEASURED","true","false","false","false","true","10"
"https://pfotentechnik.de/kaufberatung/","","apps/pfotentechnik/dist/sitemap-0.xml","true","A_INDEXABLE_CANONICAL","UNMEASURED","true","false","false","false","true","259"
"https://pfotentechnik.de/kontakt/","","apps/pfotentechnik/dist/sitemap-0.xml","true","A_INDEXABLE_CANONICAL","UNMEASURED","true","false","false","false","true","259"
"https://pfotentechnik.de/nierenkranke-katze-trinken/","2026-07-13T00:00:00.000Z","apps/pfotentechnik/dist/sitemap-0.xml","true","A_INDEXABLE_CANONICAL","UNMEASURED","true","false","false","false","true","9"
"https://pfotentechnik.de/produkt/aqara-smart-pet-feeder-c1/","2026-07-12T00:00:00.000Z","apps/pfotentechnik/dist/sitemap-0.xml","true","A_INDEXABLE_CANONICAL","UNMEASURED","true","false","false","false","true","4"
"https://pfotentechnik.de/produkt/cat-mate-335-pet-fountain/","2026-07-23T00:00:00.000Z","apps/pfotentechnik/dist/sitemap-0.xml","true","A_INDEXABLE_CANONICAL","UNMEASURED","true","false","false","false","true","5"
"https://pfotentechnik.de/produkt/cat-mate-c200/","2026-07-16T00:00:00.000Z","apps/pfotentechnik/dist/sitemap-0.xml","true","A_INDEXABLE_CANONICAL","UNMEASURED","true","false","false","false","true","3"
"https://pfotentechnik.de/produkt/cat-mate-c300/","2026-07-16T00:00:00.000Z","apps/pfotentechnik/dist/sitemap-0.xml","true","A_INDEXABLE_CANONICAL","UNMEASURED","true","false","false","false","true","2"
"https://pfotentechnik.de/produkt/cat-mate-c500/","2026-07-16T00:00:00.000Z","apps/pfotentechnik/dist/sitemap-0.xml","true","A_INDEXABLE_CANONICAL","UNMEASURED","true","false","false","false","true","11"
"https://pfotentechnik.de/produkt/cat-mate-elite-355w/","2026-08-16T00:00:00.000Z","apps/pfotentechnik/dist/sitemap-0.xml","true","A_INDEXABLE_CANONICAL","UNMEASURED","true","false","false","false","true","3"
"https://pfotentechnik.de/produkt/cat-mate-shell-fountain/","2026-07-16T00:00:00.000Z","apps/pfotentechnik/dist/sitemap-0.xml","true","A_INDEXABLE_CANONICAL","UNMEASURED","true","false","false","false","true","2"
"https://pfotentechnik.de/produkt/catit-pixi-smart-6-meal-feeder/","2026-07-23T00:00:00.000Z","apps/pfotentechnik/dist/sitemap-0.xml","true","A_INDEXABLE_CANONICAL","UNMEASURED","true","false","false","false","true","3"
"https://pfotentechnik.de/produkt/catit-pixi-smart-trinkbrunnen/","2026-08-16T00:00:00.000Z","apps/pfotentechnik/dist/sitemap-0.xml","true","A_INDEXABLE_CANONICAL","UNMEASURED","true","false","false","false","true","3"
"https://pfotentechnik.de/produkt/catit-pixi-vision-smart-feeder/","2026-08-10T00:00:00.000Z","apps/pfotentechnik/dist/sitemap-0.xml","true","A_INDEXABLE_CANONICAL","UNMEASURED","true","false","false","false","true","3"
"https://pfotentechnik.de/produkt/devoko-90l-automatisches-katzenklo/","2026-08-07T00:00:00.000Z","apps/pfotentechnik/dist/sitemap-0.xml","true","A_INDEXABLE_CANONICAL","UNMEASURED","true","false","false","false","true","12"
"https://pfotentechnik.de/produkt/enabot-ebo-air-2/","2026-08-06T00:00:00.000Z","apps/pfotentechnik/dist/sitemap-0.xml","true","A_INDEXABLE_CANONICAL","UNMEASURED","true","false","false","false","true","5"
"https://pfotentechnik.de/produkt/enabot-rola-mini/","2026-08-15T00:00:00.000Z","apps/pfotentechnik/dist/sitemap-0.xml","true","A_INDEXABLE_CANONICAL","UNMEASURED","true","false","false","false","true","10"
"https://pfotentechnik.de/produkt/enabot-rola-pettracker/","2026-08-16T00:00:00.000Z","apps/pfotentechnik/dist/sitemap-0.xml","true","A_INDEXABLE_CANONICAL","UNMEASURED","true","false","false","false","true","3"
"https://pfotentechnik.de/produkt/feelneedy-fn-w18-8l-katzenbrunnen/","2026-08-17T00:00:00.000Z","apps/pfotentechnik/dist/sitemap-0.xml","true","A_INDEXABLE_CANONICAL","UNMEASURED","true","false","false","false","true","4"
"https://pfotentechnik.de/produkt/flappie/","2026-09-07T00:00:00.000Z","apps/pfotentechnik/dist/sitemap-0.xml","true","A_INDEXABLE_CANONICAL","UNMEASURED","true","false","false","false","true","8"
"https://pfotentechnik.de/produkt/furbo-360-hundekamera/","2026-08-06T00:00:00.000Z","apps/pfotentechnik/dist/sitemap-0.xml","true","A_INDEXABLE_CANONICAL","UNMEASURED","true","false","false","false","true","5"
"https://pfotentechnik.de/produkt/furbo-360-katzenkamera/","2026-08-21T00:00:00.000Z","apps/pfotentechnik/dist/sitemap-0.xml","true","A_INDEXABLE_CANONICAL","UNMEASURED","true","false","false","false","true","5"
"https://pfotentechnik.de/produkt/furbo-mini-360/","2026-08-15T00:00:00.000Z","apps/pfotentechnik/dist/sitemap-0.xml","true","A_INDEXABLE_CANONICAL","UNMEASURED","true","false","false","false","true","10"
"https://pfotentechnik.de/produkt/garmin-alpha-t-20/","2026-07-23T00:00:00.000Z","apps/pfotentechnik/dist/sitemap-0.xml","true","A_INDEXABLE_CANONICAL","UNMEASURED","true","false","false","false","true","6"
"https://pfotentechnik.de/produkt/garmin-alpha-tt-25/","2026-07-20T00:00:00.000Z","apps/pfotentechnik/dist/sitemap-0.xml","true","A_INDEXABLE_CANONICAL","UNMEASURED","true","false","false","false","true","6"
"https://pfotentechnik.de/produkt/honeyguardian-a68/","2026-07-23T00:00:00.000Z","apps/pfotentechnik/dist/sitemap-0.xml","true","A_INDEXABLE_CANONICAL","UNMEASURED","true","false","false","false","true","9"
"https://pfotentechnik.de/produkt/honeyguardian-a305d/","2026-07-12T00:00:00.000Z","apps/pfotentechnik/dist/sitemap-0.xml","true","A_INDEXABLE_CANONICAL","UNMEASURED","true","false","false","false","true","2"
"https://pfotentechnik.de/produkt/honeyguardian-smart-pet-feeder-s305d/","2026-07-17T00:00:00.000Z","apps/pfotentechnik/dist/sitemap-0.xml","true","A_INDEXABLE_CANONICAL","UNMEASURED","true","false","false","false","true","5"
"https://pfotentechnik.de/produkt/imipaw-3l-automatic-cat-feeder/","2026-07-23T00:00:00.000Z","apps/pfotentechnik/dist/sitemap-0.xml","true","A_INDEXABLE_CANONICAL","UNMEASURED","true","false","false","false","true","11"
"https://pfotentechnik.de/produkt/invoxia-biotracker-2026/","2026-08-16T00:00:00.000Z","apps/pfotentechnik/dist/sitemap-0.xml","true","A_INDEXABLE_CANONICAL","UNMEASURED","true","false","false","false","true","2"
"https://pfotentechnik.de/produkt/litter-robot-4/","2026-08-26T00:00:00.000Z","apps/pfotentechnik/dist/sitemap-0.xml","true","A_INDEXABLE_CANONICAL","UNMEASURED","true","false","false","false","true","3"
"https://pfotentechnik.de/produkt/litter-robot-5-pro/","2026-08-06T00:00:00.000Z","apps/pfotentechnik/dist/sitemap-0.xml","true","A_INDEXABLE_CANONICAL","UNMEASURED","true","false","false","false","true","3"
"https://pfotentechnik.de/produkt/neakasa-m1-lite/","2026-08-15T00:00:00.000Z","apps/pfotentechnik/dist/sitemap-0.xml","true","A_INDEXABLE_CANONICAL","UNMEASURED","true","false","false","false","true","3"
"https://pfotentechnik.de/produkt/neakasa-m1-plus/","2026-08-06T00:00:00.000Z","apps/pfotentechnik/dist/sitemap-0.xml","true","A_INDEXABLE_CANONICAL","UNMEASURED","true","false","false","false","true","3"
"https://pfotentechnik.de/produkt/neakasa-riko/","2026-09-15T00:00:00.000Z","apps/pfotentechnik/dist/sitemap-0.xml","true","A_INDEXABLE_CANONICAL","UNMEASURED","true","false","false","false","true","3"
"https://pfotentechnik.de/produkt/oneisall-2-2l-cordless-fountain/","2026-07-16T00:00:00.000Z","apps/pfotentechnik/dist/sitemap-0.xml","true","A_INDEXABLE_CANONICAL","UNMEASURED","true","false","false","false","true","2"
"https://pfotentechnik.de/produkt/oneisall-2-in-1-feeder-water/","2026-07-23T00:00:00.000Z","apps/pfotentechnik/dist/sitemap-0.xml","true","A_INDEXABLE_CANONICAL","UNMEASURED","true","false","false","false","true","2"
"https://pfotentechnik.de/produkt/oneisall-3-2l-cordless-fountain/","2026-07-23T00:00:00.000Z","apps/pfotentechnik/dist/sitemap-0.xml","true","A_INDEXABLE_CANONICAL","UNMEASURED","true","false","false","false","true","12"
"https://pfotentechnik.de/produkt/oneisall-3-5l-cordless-fountain/","2026-08-10T00:00:00.000Z","apps/pfotentechnik/dist/sitemap-0.xml","true","A_INDEXABLE_CANONICAL","UNMEASURED","true","false","false","false","true","21"
"https://pfotentechnik.de/produkt/oneisall-5l-automatic-cat-feeder/","2026-07-17T00:00:00.000Z","apps/pfotentechnik/dist/sitemap-0.xml","true","A_INDEXABLE_CANONICAL","UNMEASURED","true","false","false","false","true","3"
"https://pfotentechnik.de/produkt/oneisall-7l-dog-water-fountain/","2026-07-23T00:00:00.000Z","apps/pfotentechnik/dist/sitemap-0.xml","true","A_INDEXABLE_CANONICAL","UNMEASURED","true","false","false","false","true","24"
"https://pfotentechnik.de/produkt/onlycat-mikrochip-katzenklappe/","2026-08-05T00:00:00.000Z","apps/pfotentechnik/dist/sitemap-0.xml","true","A_INDEXABLE_CANONICAL","UNMEASURED","true","false","false","false","true","6"
"https://pfotentechnik.de/produkt/paj-pet-finder-4g-mini/","2026-07-23T00:00:00.000Z","apps/pfotentechnik/dist/sitemap-0.xml","true","A_INDEXABLE_CANONICAL","UNMEASURED","true","false","false","false","true","7"
"https://pfotentechnik.de/produkt/pawbby-smart-pet-feeder/","2026-07-12T00:00:00.000Z","apps/pfotentechnik/dist/sitemap-0.xml","true","A_INDEXABLE_CANONICAL","UNMEASURED","true","false","false","false","true","2"
"https://pfotentechnik.de/produkt/pawfit-3/","2026-08-16T00:00:00.000Z","apps/pfotentechnik/dist/sitemap-0.xml","true","A_INDEXABLE_CANONICAL","UNMEASURED","true","false","false","false","true","3"
"https://pfotentechnik.de/produkt/pawsync-smart-pet-feeder/","2026-08-10T00:00:00.000Z","apps/pfotentechnik/dist/sitemap-0.xml","true","A_INDEXABLE_CANONICAL","UNMEASURED","true","false","false","false","true","7"
"https://pfotentechnik.de/produkt/petkit-eversweet-3-pro-uvc/","2026-07-23T00:00:00.000Z","apps/pfotentechnik/dist/sitemap-0.xml","true","A_INDEXABLE_CANONICAL","UNMEASURED","true","false","false","false","true","4"
"https://pfotentechnik.de/produkt/petkit-eversweet-5-mini/","2026-07-16T00:00:00.000Z","apps/pfotentechnik/dist/sitemap-0.xml","true","A_INDEXABLE_CANONICAL","UNMEASURED","true","false","false","false","true","2"
"https://pfotentechnik.de/produkt/petkit-eversweet-max-2-uvc/","2026-07-16T00:00:00.000Z","apps/pfotentechnik/dist/sitemap-0.xml","true","A_INDEXABLE_CANONICAL","UNMEASURED","true","false","false","false","true","4"
"https://pfotentechnik.de/produkt/petkit-eversweet-max-cordless/","2026-08-19T00:00:00.000Z","apps/pfotentechnik/dist/sitemap-0.xml","true","A_INDEXABLE_CANONICAL","UNMEASURED","true","false","false","false","true","3"
"https://pfotentechnik.de/produkt/petkit-eversweet-solo-2-fountain/","2026-07-13T00:00:00.000Z","apps/pfotentechnik/dist/sitemap-0.xml","true","A_INDEXABLE_CANONICAL","UNMEASURED","true","false","false","false","true","6"
"https://pfotentechnik.de/produkt/petkit-eversweet-solo-se/","2026-07-16T00:00:00.000Z","apps/pfotentechnik/dist/sitemap-0.xml","true","A_INDEXABLE_CANONICAL","UNMEASURED","true","false","false","false","true","2"
"https://pfotentechnik.de/produkt/petkit-eversweet-ultra/","2026-08-10T00:00:00.000Z","apps/pfotentechnik/dist/sitemap-0.xml","true","A_INDEXABLE_CANONICAL","UNMEASURED","true","false","false","false","true","4"
"https://pfotentechnik.de/produkt/petkit-fresh-element-infinity/","2026-07-12T00:00:00.000Z","apps/pfotentechnik/dist/sitemap-0.xml","true","A_INDEXABLE_CANONICAL","UNMEASURED","true","false","false","false","true","1"
"https://pfotentechnik.de/produkt/petkit-fresh-element-solo/","2026-07-23T00:00:00.000Z","apps/pfotentechnik/dist/sitemap-0.xml","true","A_INDEXABLE_CANONICAL","UNMEASURED","true","false","false","false","true","10"
"https://pfotentechnik.de/produkt/petkit-puramax-2/","2026-08-16T00:00:00.000Z","apps/pfotentechnik/dist/sitemap-0.xml","true","A_INDEXABLE_CANONICAL","UNMEASURED","true","false","false","false","true","2"
"https://pfotentechnik.de/produkt/petkit-purobot-crystal-duo/","2026-08-25T00:00:00.000Z","apps/pfotentechnik/dist/sitemap-0.xml","true","A_INDEXABLE_CANONICAL","UNMEASURED","true","false","false","false","true","9"
"https://pfotentechnik.de/produkt/petkit-purobot-max-3/","2026-08-16T00:00:00.000Z","apps/pfotentechnik/dist/sitemap-0.xml","true","A_INDEXABLE_CANONICAL","UNMEASURED","true","false","false","false","true","12"
"https://pfotentechnik.de/produkt/petkit-purobot-max-pro-2/","2026-08-15T00:00:00.000Z","apps/pfotentechnik/dist/sitemap-0.xml","true","A_INDEXABLE_CANONICAL","UNMEASURED","true","false","false","false","true","8"
"https://pfotentechnik.de/produkt/petkit-yumshare-dual-hopper/","2026-08-10T00:00:00.000Z","apps/pfotentechnik/dist/sitemap-0.xml","true","A_INDEXABLE_CANONICAL","UNMEASURED","true","false","false","false","true","57"
"https://pfotentechnik.de/produkt/petkit-yumshare-solo-2/","2026-08-19T00:00:00.000Z","apps/pfotentechnik/dist/sitemap-0.xml","true","A_INDEXABLE_CANONICAL","UNMEASURED","true","false","false","false","true","4"
"https://pfotentechnik.de/produkt/petlibro-air-automatic-feeder/","2026-07-12T00:00:00.000Z","apps/pfotentechnik/dist/sitemap-0.xml","true","A_INDEXABLE_CANONICAL","UNMEASURED","true","false","false","false","true","2"
"https://pfotentechnik.de/produkt/petlibro-air-wifi-feeder/","2026-07-23T00:00:00.000Z","apps/pfotentechnik/dist/sitemap-0.xml","true","A_INDEXABLE_CANONICAL","UNMEASURED","true","false","false","false","true","7"
"https://pfotentechnik.de/produkt/petlibro-capsule-dog-fountain/","2026-07-16T00:00:00.000Z","apps/pfotentechnik/dist/sitemap-0.xml","true","A_INDEXABLE_CANONICAL","UNMEASURED","true","false","false","false","true","2"
"https://pfotentechnik.de/produkt/petlibro-dockstream-2-smart-cordless/","2026-07-26T00:00:00.000Z","apps/pfotentechnik/dist/sitemap-0.xml","true","A_INDEXABLE_CANONICAL","UNMEASURED","true","false","false","false","true","11"
"https://pfotentechnik.de/produkt/petlibro-dockstream-2-smart/","2026-07-26T00:00:00.000Z","apps/pfotentechnik/dist/sitemap-0.xml","true","A_INDEXABLE_CANONICAL","UNMEASURED","true","false","false","false","true","9"
"https://pfotentechnik.de/produkt/petlibro-dockstream-cordless/","2026-07-16T00:00:00.000Z","apps/pfotentechnik/dist/sitemap-0.xml","true","A_INDEXABLE_CANONICAL","UNMEASURED","true","false","false","false","true","2"
"https://pfotentechnik.de/produkt/petlibro-dockstream-rfid-smart/","2026-08-21T00:00:00.000Z","apps/pfotentechnik/dist/sitemap-0.xml","true","A_INDEXABLE_CANONICAL","UNMEASURED","true","false","false","false","true","3"
"https://pfotentechnik.de/produkt/petlibro-glacier-ultrafiltration/","2026-07-16T00:00:00.000Z","apps/pfotentechnik/dist/sitemap-0.xml","true","A_INDEXABLE_CANONICAL","UNMEASURED","true","false","false","false","true","2"
"https://pfotentechnik.de/produkt/petlibro-granary-2-vision/","2026-07-26T00:00:00.000Z","apps/pfotentechnik/dist/sitemap-0.xml","true","A_INDEXABLE_CANONICAL","UNMEASURED","true","false","false","false","true","8"
"https://pfotentechnik.de/produkt/petlibro-granary-camera-feeder/","2026-08-10T00:00:00.000Z","apps/pfotentechnik/dist/sitemap-0.xml","true","A_INDEXABLE_CANONICAL","UNMEASURED","true","false","false","false","true","53"
"https://pfotentechnik.de/produkt/petlibro-granary-dual-feeder/","2026-07-17T00:00:00.000Z","apps/pfotentechnik/dist/sitemap-0.xml","true","A_INDEXABLE_CANONICAL","UNMEASURED","true","false","false","false","true","18"
"https://pfotentechnik.de/produkt/petlibro-granary-wifi-feeder/","2026-07-16T00:00:00.000Z","apps/pfotentechnik/dist/sitemap-0.xml","true","A_INDEXABLE_CANONICAL","UNMEASURED","true","false","false","false","true","24"
"https://pfotentechnik.de/produkt/petlibro-luma-smart-litter-box/","2026-08-15T00:00:00.000Z","apps/pfotentechnik/dist/sitemap-0.xml","true","A_INDEXABLE_CANONICAL","UNMEASURED","true","false","false","false","true","4"
"https://pfotentechnik.de/produkt/petlibro-one-rfid-smart-feeder/","2026-07-12T00:00:00.000Z","apps/pfotentechnik/dist/sitemap-0.xml","true","A_INDEXABLE_CANONICAL","UNMEASURED","true","false","false","false","true","1"
"https://pfotentechnik.de/produkt/petlibro-polar-wet-food-feeder/","2026-08-26T00:00:00.000Z","apps/pfotentechnik/dist/sitemap-0.xml","true","A_INDEXABLE_CANONICAL","UNMEASURED","true","false","false","false","true","17"
"https://pfotentechnik.de/produkt/petlibro-scout-smart-camera/","2026-08-15T00:00:00.000Z","apps/pfotentechnik/dist/sitemap-0.xml","true","A_INDEXABLE_CANONICAL","UNMEASURED","true","false","false","false","true","4"
"https://pfotentechnik.de/produkt/petlibro-space-smart-feeder/","2026-07-23T00:00:00.000Z","apps/pfotentechnik/dist/sitemap-0.xml","true","A_INDEXABLE_CANONICAL","UNMEASURED","true","false","false","false","true","5"
"https://pfotentechnik.de/produkt/petlibro-stainless-steel-fountain/","2026-08-19T00:00:00.000Z","apps/pfotentechnik/dist/sitemap-0.xml","true","A_INDEXABLE_CANONICAL","UNMEASURED","true","false","false","false","true","3"
"https://pfotentechnik.de/produkt/petsafe-freshfeed-refrigerated-feeder/","2026-07-13T00:00:00.000Z","apps/pfotentechnik/dist/sitemap-0.xml","true","A_INDEXABLE_CANONICAL","UNMEASURED","true","false","false","false","true","7"
"https://pfotentechnik.de/produkt/petsafe-healthy-pet-simply-feed/","2026-07-13T00:00:00.000Z","apps/pfotentechnik/dist/sitemap-0.xml","true","A_INDEXABLE_CANONICAL","UNMEASURED","true","false","false","false","true","5"
"https://pfotentechnik.de/produkt/petsafe-mikrochip-katzenklappe/","2026-08-26T00:00:00.000Z","apps/pfotentechnik/dist/sitemap-0.xml","true","A_INDEXABLE_CANONICAL","UNMEASURED","true","false","false","false","true","4"
"https://pfotentechnik.de/produkt/petsafe-petporte-smart-flap/","2026-08-07T00:00:00.000Z","apps/pfotentechnik/dist/sitemap-0.xml","true","A_INDEXABLE_CANONICAL","UNMEASURED","true","false","false","false","true","12"
"https://pfotentechnik.de/produkt/petsafe-smart-feed-2/","2026-08-25T00:00:00.000Z","apps/pfotentechnik/dist/sitemap-0.xml","true","A_INDEXABLE_CANONICAL","UNMEASURED","true","false","false","false","true","6"
"https://pfotentechnik.de/produkt/petsafe-streamside-trinkbrunnen/","2026-08-16T00:00:00.000Z","apps/pfotentechnik/dist/sitemap-0.xml","true","A_INDEXABLE_CANONICAL","UNMEASURED","true","false","false","false","true","3"
"https://pfotentechnik.de/produkt/petsnowy-snow-plus/","2026-08-16T00:00:00.000Z","apps/pfotentechnik/dist/sitemap-0.xml","true","A_INDEXABLE_CANONICAL","UNMEASURED","true","false","false","false","true","3"
"https://pfotentechnik.de/produkt/pettec-cam-360/","2026-08-16T00:00:00.000Z","apps/pfotentechnik/dist/sitemap-0.xml","true","A_INDEXABLE_CANONICAL","UNMEASURED","true","false","false","false","true","4"
"https://pfotentechnik.de/produkt/petwalk-medium-tiertuer/","2026-08-17T00:00:00.000Z","apps/pfotentechnik/dist/sitemap-0.xml","true","A_INDEXABLE_CANONICAL","UNMEASURED","true","false","false","false","true","5"
"https://pfotentechnik.de/produkt/prothelis-area-pets/","2026-08-16T00:00:00.000Z","apps/pfotentechnik/dist/sitemap-0.xml","true","A_INDEXABLE_CANONICAL","UNMEASURED","true","false","false","false","true","4"
"https://pfotentechnik.de/produkt/reolink-e1-zoom/","2026-08-16T00:00:00.000Z","apps/pfotentechnik/dist/sitemap-0.xml","true","A_INDEXABLE_CANONICAL","UNMEASURED","true","false","false","false","true","3"
"https://pfotentechnik.de/produkt/surefeed-microchip-pet-feeder-connect/","2026-08-03T00:00:00.000Z","apps/pfotentechnik/dist/sitemap-0.xml","true","A_INDEXABLE_CANONICAL","UNMEASURED","true","false","false","false","true","9"
"https://pfotentechnik.de/produkt/surefeed-microchip-pet-feeder/","2026-07-25T00:00:00.000Z","apps/pfotentechnik/dist/sitemap-0.xml","true","A_INDEXABLE_CANONICAL","UNMEASURED","true","false","false","false","true","9"
"https://pfotentechnik.de/produkt/sureflap-dualscan-mikrochip-katzenklappe/","2026-08-26T00:00:00.000Z","apps/pfotentechnik/dist/sitemap-0.xml","true","A_INDEXABLE_CANONICAL","UNMEASURED","true","false","false","false","true","3"
"https://pfotentechnik.de/produkt/sureflap-mikrochip-katzenklappe-connect/","2026-08-26T00:00:00.000Z","apps/pfotentechnik/dist/sitemap-0.xml","true","A_INDEXABLE_CANONICAL","UNMEASURED","true","false","false","false","true","8"
"https://pfotentechnik.de/produkt/sureflap-mikrochip-katzenklappe/","2026-08-04T00:00:00.000Z","apps/pfotentechnik/dist/sitemap-0.xml","true","A_INDEXABLE_CANONICAL","UNMEASURED","true","false","false","false","true","4"
"https://pfotentechnik.de/produkt/tractive-cat-6-mini/","2026-08-24T00:00:00.000Z","apps/pfotentechnik/dist/sitemap-0.xml","true","A_INDEXABLE_CANONICAL","UNMEASURED","true","false","false","false","true","7"
"https://pfotentechnik.de/produkt/tractive-dog-6-xl/","2026-08-10T00:00:00.000Z","apps/pfotentechnik/dist/sitemap-0.xml","true","A_INDEXABLE_CANONICAL","UNMEASURED","true","false","false","false","true","14"
"https://pfotentechnik.de/produkt/tractive-dog-6/","2026-08-10T00:00:00.000Z","apps/pfotentechnik/dist/sitemap-0.xml","true","A_INDEXABLE_CANONICAL","UNMEASURED","true","false","false","false","true","17"
"https://pfotentechnik.de/produkt/weenect-xs/","2026-08-19T00:00:00.000Z","apps/pfotentechnik/dist/sitemap-0.xml","true","A_INDEXABLE_CANONICAL","UNMEASURED","true","false","false","false","true","15"
"https://pfotentechnik.de/produkt/weenect-xt/","2026-07-26T00:00:00.000Z","apps/pfotentechnik/dist/sitemap-0.xml","true","A_INDEXABLE_CANONICAL","UNMEASURED","true","false","false","false","true","5"
"https://pfotentechnik.de/produkt/wopet-cube-air-ca10/","2026-07-12T00:00:00.000Z","apps/pfotentechnik/dist/sitemap-0.xml","true","A_INDEXABLE_CANONICAL","UNMEASURED","true","false","false","false","true","2"
"https://pfotentechnik.de/produkt/wopet-heritage-view-camera-feeder/","2026-07-12T00:00:00.000Z","apps/pfotentechnik/dist/sitemap-0.xml","true","A_INDEXABLE_CANONICAL","UNMEASURED","true","false","false","false","true","2"
"https://pfotentechnik.de/produkt/wopet-patrol-f07-pro/","2026-07-16T00:00:00.000Z","apps/pfotentechnik/dist/sitemap-0.xml","true","A_INDEXABLE_CANONICAL","UNMEASURED","true","false","false","false","true","3"
"https://pfotentechnik.de/produkt/wopet-pioneer-f01-plus/","2026-07-12T00:00:00.000Z","apps/pfotentechnik/dist/sitemap-0.xml","true","A_INDEXABLE_CANONICAL","UNMEASURED","true","false","false","false","true","1"
"https://pfotentechnik.de/produkt/xiaomi-smart-pet-food-feeder-2/","2026-08-10T00:00:00.000Z","apps/pfotentechnik/dist/sitemap-0.xml","true","A_INDEXABLE_CANONICAL","UNMEASURED","true","false","false","false","true","29"
"https://pfotentechnik.de/produkt/xiaomi-smart-pet-fountain-2/","2026-08-10T00:00:00.000Z","apps/pfotentechnik/dist/sitemap-0.xml","true","A_INDEXABLE_CANONICAL","UNMEASURED","true","false","false","false","true","27"
"https://pfotentechnik.de/produkt/zeromouse-2-0/","2026-08-16T00:00:00.000Z","apps/pfotentechnik/dist/sitemap-0.xml","true","A_INDEXABLE_CANONICAL","UNMEASURED","true","false","false","false","true","12"
"https://pfotentechnik.de/pumpe-katzentrinkbrunnen-reinigen/","2026-08-19T00:00:00.000Z","apps/pfotentechnik/dist/sitemap-0.xml","true","A_INDEXABLE_CANONICAL","UNMEASURED","true","false","false","false","true","11"
"https://pfotentechnik.de/redaktion/","","apps/pfotentechnik/dist/sitemap-0.xml","true","A_INDEXABLE_CANONICAL","UNMEASURED","true","false","false","false","true","259"
"https://pfotentechnik.de/reichweite-von-gps-trackern/","2026-07-20T00:00:00.000Z","apps/pfotentechnik/dist/sitemap-0.xml","true","A_INDEXABLE_CANONICAL","UNMEASURED","true","false","false","false","true","6"
"https://pfotentechnik.de/seniorenhunde-richtig-versorgen/","2026-07-31T00:00:00.000Z","apps/pfotentechnik/dist/sitemap-0.xml","true","A_INDEXABLE_CANONICAL","UNMEASURED","true","false","false","false","true","1"
"https://pfotentechnik.de/smarte-futterautomaten/","2026-08-06T00:00:00.000Z","apps/pfotentechnik/dist/sitemap-0.xml","true","A_INDEXABLE_CANONICAL","UNMEASURED","true","false","false","false","true","259"
"https://pfotentechnik.de/smarte-gadgets-fuer-hunde-und-katzen/","2026-07-20T00:00:00.000Z","apps/pfotentechnik/dist/sitemap-0.xml","true","A_INDEXABLE_CANONICAL","UNMEASURED","true","false","false","false","true","2"
"https://pfotentechnik.de/smarte-haustiertechnik/","2026-07-20T00:00:00.000Z","apps/pfotentechnik/dist/sitemap-0.xml","true","A_INDEXABLE_CANONICAL","UNMEASURED","true","false","false","false","true","259"
"https://pfotentechnik.de/so-bewerten-wir/","2026-07-30T00:00:00.000Z","apps/pfotentechnik/dist/sitemap-0.xml","true","A_INDEXABLE_CANONICAL","UNMEASURED","true","false","false","false","true","259"
"https://pfotentechnik.de/trinkbrunnen-fuer-katzen-sinnvoll/","2026-07-14T00:00:00.000Z","apps/pfotentechnik/dist/sitemap-0.xml","true","A_INDEXABLE_CANONICAL","UNMEASURED","true","false","false","false","true","14"
"https://pfotentechnik.de/trinkbrunnen-fuer-kitten-sicher/","2026-08-19T00:00:00.000Z","apps/pfotentechnik/dist/sitemap-0.xml","true","A_INDEXABLE_CANONICAL","UNMEASURED","true","false","false","false","true","3"
"https://pfotentechnik.de/trinkbrunnen-fuer-mehrere-katzen/","2026-07-25T00:00:00.000Z","apps/pfotentechnik/dist/sitemap-0.xml","true","A_INDEXABLE_CANONICAL","UNMEASURED","true","false","false","false","true","32"
"https://pfotentechnik.de/trinkbrunnen-hund/","2026-07-19T00:00:00.000Z","apps/pfotentechnik/dist/sitemap-0.xml","true","A_INDEXABLE_CANONICAL","UNMEASURED","true","false","false","false","true","9"
"https://pfotentechnik.de/trinkbrunnen-seniorenkatzen/","2026-07-23T00:00:00.000Z","apps/pfotentechnik/dist/sitemap-0.xml","true","A_INDEXABLE_CANONICAL","UNMEASURED","true","false","false","false","true","5"
"https://pfotentechnik.de/trinkbrunnen/","2026-08-17T00:00:00.000Z","apps/pfotentechnik/dist/sitemap-0.xml","true","A_INDEXABLE_CANONICAL","UNMEASURED","true","false","false","false","true","259"
"https://pfotentechnik.de/trinkmenge-hund-messen/","2026-07-19T00:00:00.000Z","apps/pfotentechnik/dist/sitemap-0.xml","true","A_INDEXABLE_CANONICAL","UNMEASURED","true","false","false","false","true","6"
"https://pfotentechnik.de/trinkmenge-katze-messen/","2026-07-13T00:00:00.000Z","apps/pfotentechnik/dist/sitemap-0.xml","true","A_INDEXABLE_CANONICAL","UNMEASURED","true","false","false","false","true","8"
"https://pfotentechnik.de/trockenfutter-oder-nassfutter-hund/","2026-07-28T00:00:00.000Z","apps/pfotentechnik/dist/sitemap-0.xml","true","A_INDEXABLE_CANONICAL","UNMEASURED","true","false","false","false","true","11"
"https://pfotentechnik.de/trockenfutter-oder-nassfutter-katze/","2026-07-19T00:00:00.000Z","apps/pfotentechnik/dist/sitemap-0.xml","true","A_INDEXABLE_CANONICAL","UNMEASURED","true","false","false","false","true","5"
"https://pfotentechnik.de/uebergewicht-bei-katzen-vermeiden/","2026-07-24T00:00:00.000Z","apps/pfotentechnik/dist/sitemap-0.xml","true","A_INDEXABLE_CANONICAL","UNMEASURED","true","false","false","false","true","4"
"https://pfotentechnik.de/vergleiche/","","apps/pfotentechnik/dist/sitemap-0.xml","true","A_INDEXABLE_CANONICAL","UNMEASURED","true","false","false","false","true","259"
"https://pfotentechnik.de/vergleiche/beste-automatische-katzentoiletten/","2026-08-21T00:00:00.000Z","apps/pfotentechnik/dist/sitemap-0.xml","true","A_INDEXABLE_CANONICAL","UNMEASURED","true","false","false","false","true","20"
"https://pfotentechnik.de/vergleiche/beste-futterautomaten-fuer-berufstaetige/","2026-07-30T00:00:00.000Z","apps/pfotentechnik/dist/sitemap-0.xml","true","A_INDEXABLE_CANONICAL","UNMEASURED","true","false","false","false","true","7"
"https://pfotentechnik.de/vergleiche/beste-futterautomaten-fuer-hunde/","2026-07-30T00:00:00.000Z","apps/pfotentechnik/dist/sitemap-0.xml","true","A_INDEXABLE_CANONICAL","UNMEASURED","true","false","false","false","true","23"
"https://pfotentechnik.de/vergleiche/beste-futterautomaten-fuer-katzen/","2026-07-30T00:00:00.000Z","apps/pfotentechnik/dist/sitemap-0.xml","true","A_INDEXABLE_CANONICAL","UNMEASURED","true","false","false","false","true","45"
"https://pfotentechnik.de/vergleiche/beste-futterautomaten-fuer-kleine-hunde/","2026-07-30T00:00:00.000Z","apps/pfotentechnik/dist/sitemap-0.xml","true","A_INDEXABLE_CANONICAL","UNMEASURED","true","false","false","false","true","33"
"https://pfotentechnik.de/vergleiche/beste-futterautomaten-fuer-mehrtierhaushalte/","2026-07-30T00:00:00.000Z","apps/pfotentechnik/dist/sitemap-0.xml","true","A_INDEXABLE_CANONICAL","UNMEASURED","true","false","false","false","true","6"
"https://pfotentechnik.de/vergleiche/beste-futterautomaten-fuer-nassfutter/","2026-08-26T00:00:00.000Z","apps/pfotentechnik/dist/sitemap-0.xml","true","A_INDEXABLE_CANONICAL","UNMEASURED","true","false","false","false","true","24"
"https://pfotentechnik.de/vergleiche/beste-futterautomaten-fuer-seniorenkatzen/","2026-07-30T00:00:00.000Z","apps/pfotentechnik/dist/sitemap-0.xml","true","A_INDEXABLE_CANONICAL","UNMEASURED","true","false","false","false","true","13"
"https://pfotentechnik.de/vergleiche/beste-futterautomaten-fuer-welpen/","2026-07-30T00:00:00.000Z","apps/pfotentechnik/dist/sitemap-0.xml","true","A_INDEXABLE_CANONICAL","UNMEASURED","true","false","false","false","true","12"
"https://pfotentechnik.de/vergleiche/beste-futterautomaten-fuer-zwei-katzen/","2026-07-30T00:00:00.000Z","apps/pfotentechnik/dist/sitemap-0.xml","true","A_INDEXABLE_CANONICAL","UNMEASURED","true","false","false","false","true","15"
"https://pfotentechnik.de/vergleiche/beste-futterautomaten-mit-akku/","2026-07-30T00:00:00.000Z","apps/pfotentechnik/dist/sitemap-0.xml","true","A_INDEXABLE_CANONICAL","UNMEASURED","true","false","false","false","true","3"
"https://pfotentechnik.de/vergleiche/beste-futterautomaten-mit-edelstahl-napf/","2026-07-30T00:00:00.000Z","apps/pfotentechnik/dist/sitemap-0.xml","true","A_INDEXABLE_CANONICAL","UNMEASURED","true","false","false","false","true","3"
"https://pfotentechnik.de/vergleiche/beste-futterautomaten-mit-kamera/","2026-07-30T00:00:00.000Z","apps/pfotentechnik/dist/sitemap-0.xml","true","A_INDEXABLE_CANONICAL","UNMEASURED","true","false","false","false","true","13"
"https://pfotentechnik.de/vergleiche/beste-futterautomaten-ohne-wlan/","2026-07-30T00:00:00.000Z","apps/pfotentechnik/dist/sitemap-0.xml","true","A_INDEXABLE_CANONICAL","UNMEASURED","true","false","false","false","true","13"
"https://pfotentechnik.de/vergleiche/beste-futterautomaten-unter-100-euro/","2026-07-30T00:00:00.000Z","apps/pfotentechnik/dist/sitemap-0.xml","true","A_INDEXABLE_CANONICAL","UNMEASURED","true","false","false","false","true","7"
"https://pfotentechnik.de/vergleiche/beste-gps-tracker-fuer-hunde/","2026-08-16T00:00:00.000Z","apps/pfotentechnik/dist/sitemap-0.xml","true","A_INDEXABLE_CANONICAL","UNMEASURED","true","false","false","false","true","32"
"https://pfotentechnik.de/vergleiche/beste-gps-tracker-fuer-katzen/","2026-08-15T00:00:00.000Z","apps/pfotentechnik/dist/sitemap-0.xml","true","A_INDEXABLE_CANONICAL","UNMEASURED","true","false","false","false","true","11"
"https://pfotentechnik.de/vergleiche/beste-haustierkameras/","2026-08-21T00:00:00.000Z","apps/pfotentechnik/dist/sitemap-0.xml","true","A_INDEXABLE_CANONICAL","UNMEASURED","true","false","false","false","true","15"
"https://pfotentechnik.de/vergleiche/beste-mikrochip-katzenklappen/","2026-08-16T00:00:00.000Z","apps/pfotentechnik/dist/sitemap-0.xml","true","A_INDEXABLE_CANONICAL","UNMEASURED","true","false","false","false","true","28"
"https://pfotentechnik.de/vergleiche/beste-trinkbrunnen-fuer-hunde/","2026-08-06T00:00:00.000Z","apps/pfotentechnik/dist/sitemap-0.xml","true","A_INDEXABLE_CANONICAL","UNMEASURED","true","false","false","false","true","21"
"https://pfotentechnik.de/vergleiche/beste-trinkbrunnen-fuer-katzen/","2026-08-16T00:00:00.000Z","apps/pfotentechnik/dist/sitemap-0.xml","true","A_INDEXABLE_CANONICAL","UNMEASURED","true","false","false","false","true","62"
"https://pfotentechnik.de/vergleiche/futterautomat-fuer-grosse-hunde/","2026-07-30T00:00:00.000Z","apps/pfotentechnik/dist/sitemap-0.xml","true","A_INDEXABLE_CANONICAL","UNMEASURED","true","false","false","false","true","6"
"https://pfotentechnik.de/vergleiche/futterautomat-gegen-schlingen/","2026-07-30T00:00:00.000Z","apps/pfotentechnik/dist/sitemap-0.xml","true","A_INDEXABLE_CANONICAL","UNMEASURED","true","false","false","false","true","17"
"https://pfotentechnik.de/vergleiche/futterautomat-mit-app/","2026-07-30T00:00:00.000Z","apps/pfotentechnik/dist/sitemap-0.xml","true","A_INDEXABLE_CANONICAL","UNMEASURED","true","false","false","false","true","16"
"https://pfotentechnik.de/vergleiche/gps-tracker-mit-langer-akkulaufzeit/","2026-07-30T00:00:00.000Z","apps/pfotentechnik/dist/sitemap-0.xml","true","A_INDEXABLE_CANONICAL","UNMEASURED","true","false","false","false","true","9"
"https://pfotentechnik.de/vergleiche/gps-tracker-ohne-abo/","2026-07-30T00:00:00.000Z","apps/pfotentechnik/dist/sitemap-0.xml","true","A_INDEXABLE_CANONICAL","UNMEASURED","true","false","false","false","true","7"
"https://pfotentechnik.de/vergleiche/katzenklappen-mit-app-und-beuteerkennung/","2026-09-07T00:00:00.000Z","apps/pfotentechnik/dist/sitemap-0.xml","true","A_INDEXABLE_CANONICAL","UNMEASURED","true","false","false","false","true","8"
"https://pfotentechnik.de/vergleiche/kleine-gps-tracker-fuer-katzen/","2026-07-30T00:00:00.000Z","apps/pfotentechnik/dist/sitemap-0.xml","true","A_INDEXABLE_CANONICAL","UNMEASURED","true","false","false","false","true","2"
"https://pfotentechnik.de/warum-brauchen-gps-tracker-ein-abo/","2026-07-20T00:00:00.000Z","apps/pfotentechnik/dist/sitemap-0.xml","true","A_INDEXABLE_CANONICAL","UNMEASURED","true","false","false","false","true","7"
"https://pfotentechnik.de/warum-hunde-feste-fuetterungszeiten-brauchen/","2026-07-14T00:00:00.000Z","apps/pfotentechnik/dist/sitemap-0.xml","true","A_INDEXABLE_CANONICAL","UNMEASURED","true","false","false","false","true","6"
"https://pfotentechnik.de/warum-katzen-fliessendes-wasser-trinken/","2026-07-12T00:00:00.000Z","apps/pfotentechnik/dist/sitemap-0.xml","true","A_INDEXABLE_CANONICAL","UNMEASURED","true","false","false","false","true","12"
"https://pfotentechnik.de/warum-schlingt-mein-hund/","2026-07-12T00:00:00.000Z","apps/pfotentechnik/dist/sitemap-0.xml","true","A_INDEXABLE_CANONICAL","UNMEASURED","true","false","false","false","true","4"
"https://pfotentechnik.de/wasserstelle-katze-richtiger-standort/","2026-07-19T00:00:00.000Z","apps/pfotentechnik/dist/sitemap-0.xml","true","A_INDEXABLE_CANONICAL","UNMEASURED","true","false","false","false","true","5"
"https://pfotentechnik.de/welche-portionsgroesse-ist-richtig/","2026-07-28T00:00:00.000Z","apps/pfotentechnik/dist/sitemap-0.xml","true","A_INDEXABLE_CANONICAL","UNMEASURED","true","false","false","false","true","13"
"https://pfotentechnik.de/welcher-futterautomat-ist-der-richtige/","2026-07-25T00:00:00.000Z","apps/pfotentechnik/dist/sitemap-0.xml","true","A_INDEXABLE_CANONICAL","UNMEASURED","true","false","false","false","true","27"
"https://pfotentechnik.de/welpen-richtig-fuettern/","2026-07-24T00:00:00.000Z","apps/pfotentechnik/dist/sitemap-0.xml","true","A_INDEXABLE_CANONICAL","UNMEASURED","true","false","false","false","true","8"
"https://pfotentechnik.de/wie-funktionieren-gps-tracker/","2026-08-24T00:00:00.000Z","apps/pfotentechnik/dist/sitemap-0.xml","true","A_INDEXABLE_CANONICAL","UNMEASURED","true","false","false","false","true","4"
"https://pfotentechnik.de/wie-funktioniert-ein-futterautomat/","2026-07-25T00:00:00.000Z","apps/pfotentechnik/dist/sitemap-0.xml","true","A_INDEXABLE_CANONICAL","UNMEASURED","true","false","false","false","true","7"
"https://pfotentechnik.de/wie-genau-sind-gps-tracker/","2026-07-20T00:00:00.000Z","apps/pfotentechnik/dist/sitemap-0.xml","true","A_INDEXABLE_CANONICAL","UNMEASURED","true","false","false","false","true","7"
"https://pfotentechnik.de/wie-gross-sollte-ein-futterautomat-sein/","2026-07-28T00:00:00.000Z","apps/pfotentechnik/dist/sitemap-0.xml","true","A_INDEXABLE_CANONICAL","UNMEASURED","true","false","false","false","true","10"
"https://pfotentechnik.de/wie-kann-technik-gegen-langeweile-helfen/","2026-07-12T00:00:00.000Z","apps/pfotentechnik/dist/sitemap-0.xml","true","A_INDEXABLE_CANONICAL","UNMEASURED","true","false","false","false","true","2"
"https://pfotentechnik.de/wie-lange-bleibt-trockenfutter-frisch/","2026-07-28T00:00:00.000Z","apps/pfotentechnik/dist/sitemap-0.xml","true","A_INDEXABLE_CANONICAL","UNMEASURED","true","false","false","false","true","6"
"https://pfotentechnik.de/wie-laut-sind-automatische-futterautomaten/","2026-07-12T00:00:00.000Z","apps/pfotentechnik/dist/sitemap-0.xml","true","A_INDEXABLE_CANONICAL","UNMEASURED","true","false","false","false","true","2"
"https://pfotentechnik.de/wie-viel-wasser-braucht-ein-hund/","2026-07-19T00:00:00.000Z","apps/pfotentechnik/dist/sitemap-0.xml","true","A_INDEXABLE_CANONICAL","UNMEASURED","true","false","false","false","true","9"
"https://pfotentechnik.de/wie-viel-wasser-braucht-eine-katze/","2026-07-14T00:00:00.000Z","apps/pfotentechnik/dist/sitemap-0.xml","true","A_INDEXABLE_CANONICAL","UNMEASURED","true","false","false","false","true","8"
"https://pfotentechnik.de/wie-viele-mahlzeiten-hund/","2026-07-31T00:00:00.000Z","apps/pfotentechnik/dist/sitemap-0.xml","true","A_INDEXABLE_CANONICAL","UNMEASURED","true","false","false","false","true","24"
"https://pfotentechnik.de/wie-viele-mahlzeiten-katze/","2026-07-09T00:00:00.000Z","apps/pfotentechnik/dist/sitemap-0.xml","true","A_INDEXABLE_CANONICAL","UNMEASURED","true","false","false","false","true","23"
"https://pfotentechnik.de/wie-viele-wasserstellen-katze/","2026-07-25T00:00:00.000Z","apps/pfotentechnik/dist/sitemap-0.xml","true","A_INDEXABLE_CANONICAL","UNMEASURED","true","false","false","false","true","16"
"https://pfotentechnik.de/wissen/","","apps/pfotentechnik/dist/sitemap-0.xml","true","A_INDEXABLE_CANONICAL","UNMEASURED","true","false","false","false","true","259"
"https://pfotentechnik.de/woran-erkennt-man-dass-die-katze-zu-wenig-trinkt/","2026-07-19T00:00:00.000Z","apps/pfotentechnik/dist/sitemap-0.xml","true","A_INDEXABLE_CANONICAL","UNMEASURED","true","false","false","false","true","7"
